label,probability,confidence,uncertainty,disagreement,trust_score,trust_level
0,0.6120255,0.6120255,0.012025869,0.0333838,0.5904784,Review Needed
0,0.81068236,0.81068236,0.00016847001,0.018183112,0.90497214,Reliable
0,0.5069836,0.5069836,0.007980023,0.010600495,0.66555464,Review Needed
0,0.8576083,0.8576083,7.874265e-05,0.0028974535,1.0730288,Reliable
0,0.44302866,0.44302866,0.009981434,0.00031615843,0.6220031,Review Needed
0,0.6458068,0.6458068,0.00430363,0.05540548,0.71251947,Review Needed
0,0.65654117,0.65654117,0.005595093,0.040045753,0.71597236,Review Needed
0,0.65341514,0.65341514,0.0039527826,0.007953978,0.7957069,Reliable
0,0.6229139,0.6229139,0.010115538,0.0022566735,0.67857003,Review Needed
0,0.6350249,0.6350249,0.007774383,0.049736172,0.652595,Review Needed
0,0.3817384,0.3817384,0.012591343,0.016041247,0.5274147,Review Needed
0,0.7651205,0.7651205,0.0015095144,0.0052568135,0.88426536,Reliable
0,0.39996272,0.39996272,0.0089941155,0.0053903866,0.617725,Review Needed
0,0.4589965,0.4589965,0.011573289,0.012104295,0.5793049,Review Needed
0,0.7394022,0.7394022,0.0015340217,0.011093274,0.8658266,Reliable
0,0.6004282,0.6004282,0.0048915744,0.045439914,0.70137256,Review Needed
0,0.7808238,0.7808238,0.00041577852,0.0006898879,0.91730416,Reliable
0,0.65764076,0.65764076,0.0040169973,0.015541538,0.784132,Reliable
0,0.12573305,0.12573305,3.998611e-05,0.00029918322,0.6987842,Review Needed
0,0.49411762,0.49411762,0.0091106575,0.049360555,0.5794905,Review Needed
0,0.59610856,0.59610856,0.0060577635,0.0012041404,0.7469988,Reliable
0,0.6490882,0.6490882,0.003612076,0.011654274,0.7948283,Reliable
0,0.43561754,0.43561754,0.008094156,0.011087596,0.63801706,Review Needed
0,0.40831375,0.40831375,0.0077226707,0.0009086504,0.65142286,Review Needed
0,0.6525134,0.6525134,0.004915352,0.016229575,0.7644539,Reliable
0,0.35082737,0.35082737,0.0034720087,0.003059571,0.70787877,Review Needed
0,0.7819088,0.7819088,0.00047388487,0.0031996097,0.9126767,Reliable
0,0.27790156,0.27790156,0.0017810983,0.000369544,0.71858275,Review Needed
0,0.6167046,0.6167046,0.0055269795,0.04069096,0.70248914,Review Needed
0,0.5599139,0.5599139,0.008145528,0.008231675,0.6844208,Review Needed
0,0.4741072,0.4741072,0.011917917,0.010998975,0.57978696,Review Needed
0,0.27726114,0.27726114,0.0017010471,0.04575007,0.649105,Review Needed
0,0.6239137,0.6239137,0.0062823435,0.020489937,0.72231984,Reliable
0,0.4379013,0.4379013,0.0056339013,0.001974791,0.699119,Review Needed
0,0.7217513,0.7217513,0.0013503276,0.007915498,0.8681298,Reliable
0,0.4305344,0.4305344,0.005704817,0.016414432,0.6727325,Review Needed
0,0.22270046,0.22270046,0.0006911322,5.3492076e-06,0.7205181,Reliable
0,0.83652705,0.83652705,0.00015689417,0.0013176819,1.0631099,Reliable
0,0.6546782,0.6546782,0.0037745764,0.06291086,0.7137944,Review Needed
0,0.24087639,0.24087639,0.0015836121,0.0005750084,0.7091803,Review Needed
0,0.82842916,0.82842916,0.00029242557,0.0005155762,1.0576271,Reliable
0,0.5824904,0.5824904,0.0060185553,0.021210538,0.7118382,Review Needed
0,0.75317866,0.75317866,0.0006031127,0.046356414,0.8330463,Reliable
0,0.18070744,0.18070744,0.00047709967,0.00015682263,0.70979476,Review Needed
0,0.8396056,0.8396056,0.00021373505,0.0021583743,1.0623283,Reliable
0,0.81598806,0.81598806,0.00015932234,0.00010009722,0.93517023,Reliable
0,0.7932705,0.7932705,0.00056110334,0.00050953677,0.9191592,Reliable
0,0.9099509,0.9099509,1.0887225e-05,0.00015133228,1.1056893,Reliable
0,0.7545725,0.7545725,0.0009624208,0.002226852,0.89560044,Reliable
0,0.941532,0.941532,2.6735681e-06,2.7032167e-05,1.1223922,Reliable
0,0.7714449,0.7714449,0.00073020917,0.000574013,0.90835434,Reliable
0,0.5856152,0.5856152,0.008030965,0.045619626,0.6371463,Review Needed
0,0.8291874,0.8291874,0.00017991065,0.00029898004,1.0604659,Reliable
0,0.5196004,0.5196004,0.008286161,0.015922593,0.6558755,Review Needed
0,0.6458886,0.6458886,0.0021247556,0.01880289,0.81044984,Reliable
0,0.51291764,0.51291764,0.006307117,0.033706736,0.66292655,Review Needed
0,0.874993,0.874993,5.7253328e-05,0.0002427157,1.086574,Reliable
0,0.75888735,0.75888735,0.0008511851,0.005038966,0.89479005,Reliable
0,0.7239633,0.7239633,0.0026527254,0.026527936,0.8154664,Reliable
0,0.8607839,0.8607839,0.00010015141,0.0052656177,1.0705799,Reliable
0,0.19484383,0.19484383,0.0005054466,4.6029676e-05,0.71431684,Review Needed
0,0.82650685,0.82650685,0.00014274308,0.00016602111,1.0599816,Reliable
0,0.45576608,0.45576608,0.006571524,0.03631535,0.6341725,Review Needed
0,0.3351473,0.3351473,0.0050294665,0.0072744787,0.6667068,Review Needed
0,0.67500085,0.67500085,0.0015536981,0.07459549,0.7442113,Reliable
0,0.43630007,0.43630007,0.0048357886,0.013945938,0.6948574,Review Needed
0,0.77584976,0.77584976,0.00035699763,0.007440945,0.9061622,Reliable
0,0.85662067,0.85662067,7.203084e-05,0.0003205583,1.0766611,Reliable
0,0.6769035,0.6769035,0.002914981,0.0012850795,0.8336626,Reliable
0,0.4049303,0.4049303,0.009958693,0.0092946105,0.5952766,Review Needed
0,0.24088337,0.24088337,0.00070607814,0.0002077529,0.72620016,Reliable
0,0.54020846,0.54020846,0.008028132,0.01784897,0.6648223,Review Needed
0,0.36815187,0.36815187,0.013593225,0.018700687,0.4998022,High Uncertainty
0,0.79811615,0.79811615,0.0004565656,0.0011097175,0.9218554,Reliable
0,0.35816786,0.35816786,0.0070755496,0.0059244144,0.6384163,Review Needed
0,0.39715168,0.39715168,0.006018593,0.021610439,0.64722544,Review Needed
0,0.41415724,0.41415724,0.008578868,0.014193804,0.6166812,Review Needed
0,0.20031005,0.20031005,0.0006775641,0.0024243258,0.7092704,Review Needed
0,0.13374558,0.13374558,3.889696e-05,3.126564e-05,0.7019887,Review Needed
0,0.5549381,0.5549381,0.008510973,0.036837418,0.63125277,Review Needed
0,0.774776,0.774776,0.0010698497,0.00082519645,0.9027479,Reliable
0,0.7921454,0.7921454,0.000418812,0.019394347,0.89199233,Reliable
0,0.24835798,0.24835798,0.0022717635,0.0005075733,0.6989726,Review Needed
0,0.30342722,0.30342722,0.0029257056,0.05213228,0.6252379,Review Needed
0,0.36989385,0.36989385,0.003133504,0.010773808,0.7087771,Review Needed
0,0.46478444,0.46478444,0.016008632,0.05937018,0.42448893,High Uncertainty
0,0.37623632,0.37623632,0.008498344,0.009983835,0.6116621,Review Needed
0,0.37161997,0.37161997,0.0052444665,0.04823448,0.6114057,Review Needed
0,0.6416509,0.6416509,0.0045330063,0.0058127833,0.7841105,Reliable
0,0.5028057,0.5028057,0.005483397,0.12827191,0.5274269,Review Needed
0,0.16712095,0.16712095,0.0002160234,0.0008490199,0.70891726,Review Needed
0,0.25698695,0.25698695,0.0013319039,0.001358088,0.7182385,Review Needed
0,0.21645068,0.21645068,0.0013225052,0.0023869213,0.70281523,Review Needed
0,0.6501686,0.6501686,0.004315119,0.0044065164,0.793327,Reliable
0,0.693871,0.693871,0.0026385835,0.0060544307,0.83726406,Reliable
0,0.693871,0.693871,0.003055267,0.0060544307,0.8294555,Reliable
0,0.12726216,0.12726216,6.923184e-05,0.012808015,0.67926043,Review Needed
0,0.4472369,0.4472369,0.011449429,0.022289494,0.5616853,Review Needed
0,0.71696305,0.71696305,0.0025539459,0.005335892,0.84794307,Reliable
0,0.42767796,0.42767796,0.012929946,0.0052485596,0.55375785,Review Needed
0,0.1984517,0.1984517,0.0006516814,7.603006e-05,0.7127753,Review Needed
0,0.5525154,0.5525154,0.011435595,0.02544131,0.5933779,Review Needed
0,0.39041033,0.39041033,0.008512672,0.012519208,0.612334,Review Needed
0,0.7691803,0.7691803,0.0019175478,0.0007560237,0.88503814,Reliable
0,0.49389267,0.49389267,0.0069611967,0.031333685,0.64780074,Review Needed
0,0.64588755,0.64588755,0.0043011117,0.009945812,0.7834747,Reliable
0,0.5171553,0.5171553,0.005030329,0.013640404,0.7196036,Review Needed
0,0.23402146,0.23402146,0.00063240656,0.00029584687,0.7250743,Reliable
0,0.59647155,0.59647155,0.006014793,0.04877382,0.67375934,Review Needed
0,0.8320973,0.8320973,0.00023252566,3.7699334e-05,1.0613943,Reliable
0,0.63126075,0.63126075,0.0067539113,0.0045988825,0.74079645,Reliable
0,0.56515,0.56515,0.008996324,0.02177689,0.6491653,Review Needed
0,0.58527327,0.58527327,0.010810509,0.034414876,0.6024102,Review Needed
0,0.7697978,0.7697978,0.001934095,0.0008550424,0.8847868,Reliable
0,0.5013532,0.5013532,0.011330938,0.010756436,0.6005718,Review Needed
0,0.8422843,0.8422843,0.00016433558,4.4590706e-05,1.0679371,Reliable
0,0.7631689,0.7631689,0.0006598767,0.0005182095,0.906902,Reliable
0,0.62201345,0.62201345,0.0044398312,0.008779217,0.77445143,Reliable
0,0.62201345,0.62201345,0.0072910697,0.008779217,0.72101957,Reliable
0,0.8989745,0.8989745,2.167767e-05,1.9533525e-05,1.100008,Reliable
0,0.901012,0.901012,1.8506396e-05,5.4046627e-06,1.1011448,Reliable
0,0.95778525,0.95778525,5.428005e-07,1.4956144e-07,1.1308912,Reliable
0,0.8926123,0.8926123,3.2582047e-05,2.6869007e-05,1.0964974,Reliable
0,0.8928149,0.8928149,4.0766266e-05,2.115442e-05,1.096458,Reliable
0,0.8832029,0.8832029,5.9880676e-05,3.3892422e-05,1.0911021,Reliable
0,0.34895006,0.34895006,0.0041735386,0.006698161,0.6884108,Review Needed
0,0.9288556,0.9288556,3.8177122e-06,2.766271e-07,1.1158476,Reliable
0,0.66773814,0.66773814,0.0073779193,0.002645585,0.74474204,Reliable
0,0.78706884,0.78706884,0.0007151361,0.0003935007,0.9143125,Reliable
0,0.9643939,0.9643939,2.4750378e-07,1.585528e-07,1.1343192,Reliable
0,0.93776155,0.93776155,2.223911e-06,6.03709e-07,1.1204891,Reliable
0,0.8783006,0.8783006,5.1173487e-05,3.969015e-05,1.0887173,Reliable
0,0.88105845,0.88105845,0.00011442997,3.560777e-05,1.0889666,Reliable
0,0.9515304,0.9515304,1.4645825e-06,7.293001e-07,1.1276337,Reliable
0,0.93983805,0.93983805,3.1022312e-06,1.8716838e-06,1.1215461,Reliable
0,0.9201213,0.9201213,1.0390324e-05,5.3467255e-07,1.1112008,Reliable
0,0.93303996,0.93303996,6.362569e-06,3.0865613e-06,1.1179625,Reliable
0,0.9224841,0.9224841,7.4789996e-06,5.298072e-06,1.1124715,Reliable
0,0.7480696,0.7480696,0.0014996291,0.00039568418,0.88614315,Reliable
0,0.7480696,0.7480696,0.0014004655,0.00039568418,0.8880015,Reliable
0,0.9383801,0.9383801,3.7524164e-06,2.1195528e-06,1.1207786,Reliable
0,0.6303141,0.6303141,0.0041338415,0.00948211,0.7819556,Reliable
0,0.7929854,0.7929854,0.00026022265,0.00050321186,0.9247091,Reliable
0,0.9349842,0.9349842,9.226503e-06,1.2835425e-06,1.1189187,Reliable
0,0.9770344,0.9770344,9.1472565e-08,2.6283061e-08,1.1408685,Reliable
0,0.9734061,0.9734061,1.0597481e-07,2.6024827e-08,1.1389893,Reliable
0,0.9356985,0.9356985,1.0138035e-05,2.3519708e-06,1.1192697,Reliable
0,0.93992966,0.93992966,5.166799e-06,3.87927e-05,1.1214973,Reliable
0,0.5346668,0.5346668,0.0071808374,0.005441887,0.6981322,Review Needed
0,0.46652368,0.46652368,0.012434911,0.010980302,0.5675095,Review Needed
0,0.47673976,0.47673976,0.0055393022,0.02062651,0.6852193,Review Needed
0,0.313771,0.313771,0.0030533008,0.017731667,0.680055,Review Needed
0,0.49608028,0.49608028,0.009225814,0.005337715,0.64664996,Review Needed
0,0.75969785,0.75969785,0.00059298525,0.0014784801,0.90545994,Reliable
0,0.36048353,0.36048353,0.006735236,0.050956234,0.5753802,Review Needed
0,0.46689573,0.46689573,0.005636927,0.02943564,0.66625607,Review Needed
0,0.67101765,0.67101765,0.002417787,0.013282139,0.8222422,Reliable
0,0.743889,0.743889,0.0010203006,0.005099663,0.88634795,Reliable
0,0.8436412,0.8436412,6.869688e-05,0.017074564,1.043879,Reliable
0,0.86887044,0.86887044,9.2582704e-05,2.7006105e-05,1.0830774,Reliable
0,0.72785693,0.72785693,0.0015699161,0.002323671,0.87484145,Reliable
0,0.43714193,0.43714193,0.0033862959,0.0021332672,0.74072963,Reliable
0,0.25308064,0.25308064,0.0016620324,0.007044401,0.7018372,Review Needed
0,0.8172529,0.8172529,0.00015342787,0.00012949585,0.93567157,Reliable
0,0.75049317,0.75049317,0.00089001324,0.0005009256,0.89824,Reliable
0,0.81835,0.81835,0.00036648655,0.0067892796,0.9216738,Reliable
0,0.7363086,0.7363086,0.0017618847,0.014118475,0.85577154,Reliable
0,0.822066,0.822066,0.0001629354,0.00066066935,1.0565321,Reliable
0,0.6577267,0.6577267,0.0029079518,0.0033312824,0.82398313,Reliable
0,0.528512,0.528512,0.009257462,0.006167054,0.65596086,Review Needed
0,0.591867,0.591867,0.0061727846,0.015701197,0.72077525,Reliable
0,0.6965773,0.6965773,0.0027744567,0.0031579894,0.84016824,Reliable
0,0.7583045,0.7583045,0.00071275386,0.0007410447,0.90388423,Reliable
0,0.8364888,0.8364888,0.00012310194,0.0022691272,1.0622399,Reliable
0,0.72712827,0.72712827,0.0016656067,4.83747e-05,0.87634426,Reliable
0,0.26820883,0.26820883,0.0018986668,0.0010067376,0.71203953,Review Needed
0,0.42739022,0.42739022,0.0076415124,0.011906415,0.64238226,Review Needed
0,0.4604987,0.4604987,0.00837137,0.012514199,0.63918805,Review Needed
0,0.58098567,0.58098567,0.0059295017,0.005956395,0.7367716,Reliable
0,0.1752507,0.1752507,0.0007341411,6.36019e-05,0.7032392,Review Needed
0,0.70817214,0.70817214,0.0025721237,0.0018910948,0.8499385,Reliable
0,0.85164803,0.85164803,0.00010508876,1.8706052e-05,1.0739369,Reliable
0,0.73359823,0.73359823,0.0010599043,0.0006340742,0.8890156,Reliable
0,0.6185002,0.6185002,0.0037836996,0.0068947882,0.78847253,Reliable
0,0.5024154,0.5024154,0.005599065,0.0057385624,0.71617705,Review Needed
0,0.31009054,0.31009054,0.0018749312,0.002413474,0.72475076,Reliable
0,0.63921404,0.63921404,0.0042267595,0.012285903,0.77891535,Reliable
0,0.135281,0.135281,0.00024187981,0.00032570466,0.69825584,Review Needed
0,0.7366821,0.7366821,0.0021261997,0.00085261563,0.8697573,Reliable
0,0.7699783,0.7699783,0.0006747088,0.02340307,0.8732933,Reliable
0,0.78414136,0.78414136,0.0008574751,0.005383153,0.90285444,Reliable
0,0.5911356,0.5911356,0.0050618825,0.0023761548,0.7621172,Reliable
0,0.24112289,0.24112289,0.0017735345,0.0003208899,0.7061024,Review Needed
0,0.89820236,0.89820236,3.040654e-05,1.969901e-05,1.0994444,Reliable
0,0.50520074,0.50520074,0.012021129,0.02884834,0.5607574,Review Needed
0,0.6111579,0.6111579,0.004951808,0.008888616,0.76093864,Reliable
0,0.45895112,0.45895112,0.008285735,0.016685806,0.6337542,Review Needed
0,0.7071477,0.7071477,0.000999477,0.0011212568,0.8802563,Reliable
0,0.8733295,0.8733295,0.00013652857,3.4210738e-05,1.0845519,Reliable
0,0.60326123,0.60326123,0.008267726,0.0026865732,0.7057425,Review Needed
0,0.776296,0.776296,0.00034682563,0.0006725364,0.91706014,Reliable
0,0.5615835,0.5615835,0.010917673,0.00793614,0.6335083,Review Needed
0,0.85993505,0.85993505,5.191952e-05,0.00079725916,1.0780112,Reliable
0,0.6621302,0.6621302,0.0040026275,0.010653545,0.79357255,Reliable
0,0.58035475,0.58035475,0.0062244656,0.0071302657,0.72919583,Reliable
0,0.7497259,0.7497259,0.0006996503,0.02448938,0.8641399,Reliable
0,0.6896587,0.6896587,0.0025865543,0.108706795,0.6767304,Review Needed
0,0.53471786,0.53471786,0.009576959,0.006322457,0.6518738,Review Needed
0,0.2620745,0.2620745,0.0007158133,0.007052397,0.7226619,Reliable
0,0.8670103,0.8670103,4.5015106e-05,0.000120877055,1.0828592,Reliable
0,0.65665734,0.65665734,0.0051029483,0.005024139,0.77984047,Reliable
0,0.4661364,0.4661364,0.0073740575,0.01807415,0.651155,Review Needed
0,0.16709253,0.16709253,0.0001466537,0.00088917953,0.7101448,Review Needed
0,0.77985096,0.77985096,0.000547165,0.0006961221,0.9144964,Reliable
0,0.55888146,0.55888146,0.008013947,0.00031003563,0.6988815,Review Needed
0,0.58187306,0.58187306,0.0045589567,0.014904608,0.7488099,Reliable
0,0.6237149,0.6237149,0.0032207062,0.0047696563,0.8041369,Reliable
0,0.76678234,0.76678234,0.00058455515,0.00030004684,0.9099012,Reliable
0,0.86866516,0.86866516,6.354232e-05,2.677844e-05,1.0835158,Reliable
0,0.80215865,0.80215865,0.0003533856,0.00020912803,0.9265889,Reliable
0,0.6809148,0.6809148,0.0014494627,0.0020299896,0.86134976,Reliable
0,0.8401203,0.8401203,0.00016301557,2.524649e-06,1.0669067,Reliable
0,0.82228774,0.82228774,0.00025798698,3.0411109e-05,1.0558484,Reliable
0,0.7454389,0.7454389,0.0011898152,0.012334165,0.87242645,Reliable
0,0.39658064,0.39658064,0.0074813664,0.008643757,0.6398335,Review Needed
0,0.5649961,0.5649961,0.005396263,0.004252929,0.7439,Reliable
0,0.73816425,0.73816425,0.0010744863,0.0015930928,0.88882345,Reliable
0,0.72524434,0.72524434,0.0011944878,0.00013688022,0.8843845,Reliable
0,0.86334866,0.86334866,6.329551e-05,6.8507754e-05,1.080702,Reliable
0,0.5762148,0.5762148,0.0042587416,0.03116188,0.72713417,Reliable
0,0.90058047,0.90058047,2.600164e-05,6.7798605e-06,1.1007786,Reliable
0,0.6580662,0.6580662,0.0036842893,0.0015811682,0.81228065,Reliable
0,0.6419255,0.6419255,0.0028910495,0.0070423707,0.81305814,Reliable
0,0.79618573,0.79618573,0.00033157237,0.00014003836,0.9250432,Reliable
1,0.86218566,0.86218566,3.909493e-05,6.7465644e-06,1.0806495,Reliable
1,0.7376643,0.7376643,0.00081422564,0.0016291739,0.89347184,Reliable
1,0.98125046,0.98125046,4.408613e-08,1.0371135e-08,1.1430528,Reliable
1,0.9833575,0.9833575,1.9581558e-08,7.390195e-09,1.1441445,Reliable
1,0.97511214,0.97511214,2.9358636e-08,1.6273495e-08,1.1398742,Reliable
1,0.95979553,0.95979553,4.2791882e-07,1.2843013e-07,1.1319344,Reliable
1,0.9853271,0.9853271,2.4086228e-08,1.1012405e-09,1.1451645,Reliable
1,0.98209435,0.98209435,2.1518664e-08,8.673858e-09,1.1434903,Reliable
1,0.88918906,0.88918906,3.9252118e-05,5.220734e-06,1.0946333,Reliable
1,0.90461314,0.90461314,1.4248097e-05,6.96083e-06,1.1030871,Reliable
1,0.9654543,0.9654543,2.8633804e-07,1.162818e-07,1.1348677,Reliable
1,0.93064594,0.93064594,2.8259167e-06,0.000119502336,1.1166074,Reliable
1,0.9866763,0.9866763,6.899327e-09,2.1662505e-09,1.1458634,Reliable
1,0.9707646,0.9707646,1.2578161e-07,4.1764228e-08,1.1376209,Reliable
1,0.8915187,0.8915187,5.147685e-05,2.2347673e-05,1.0955842,Reliable
1,0.9798533,0.9798533,7.8030446e-08,1.464928e-08,1.1423287,Reliable
1,0.98791414,0.98791414,4.7041997e-09,1.5210256e-09,1.1465045,Reliable
1,0.95743805,0.95743805,1.6357811e-06,8.7081236e-07,1.1306897,Reliable
1,0.9620212,0.9620212,3.1158086e-07,3.4613936e-07,1.1330888,Reliable
1,0.96923214,0.96923214,2.623178e-07,8.585096e-08,1.1368246,Reliable
1,0.83271503,0.83271503,0.00016099347,0.055741448,0.9762021,Reliable
1,0.9565463,0.9565463,6.3689964e-07,2.0928321e-07,1.1302477,Reliable
1,0.9657697,0.9657697,2.6554247e-07,1.0017442e-07,1.1350315,Reliable
1,0.9457429,0.9457429,2.7289575e-06,9.815061e-07,1.1246125,Reliable
1,0.9435718,0.9435718,2.0417742e-06,1.116532e-06,1.1235008,Reliable
1,0.94630355,0.94630355,1.3832268e-06,1.0186486e-06,1.124928,Reliable
1,0.97787946,0.97787946,7.601902e-08,2.046904e-08,1.1413065,Reliable
1,0.98688924,0.98688924,7.065139e-09,2.4338114e-09,1.1459738,Reliable
1,0.99209964,0.99209964,6.947855e-10,2.6754776e-10,1.1486723,Reliable
1,0.9338683,0.9338683,3.2809123e-06,2.792672e-06,1.1184497,Reliable
1,0.90180945,0.90180945,1.478361e-05,7.2148424e-07,1.1016347,Reliable
1,0.91059095,0.91059095,7.2337925e-06,7.924221e-06,1.1063128,Reliable
1,0.9876574,0.9876574,2.9653247e-09,1.9254986e-09,1.1463716,Reliable
1,0.956538,0.956538,1.4501992e-06,8.929518e-08,1.1302284,Reliable
1,0.9882068,0.9882068,1.4112416e-08,1.4458408e-09,1.1466559,Reliable
1,0.9755803,0.9755803,8.433774e-08,1.3438879e-08,1.1401156,Reliable
1,0.9605421,0.9605421,8.542511e-07,1.7351361e-07,1.132313,Reliable
1,0.9815214,0.9815214,2.842729e-08,6.8283845e-09,1.1431935,Reliable
1,0.9396874,0.9396874,4.0637033e-06,8.298587e-07,1.1214516,Reliable
1,0.98390895,0.98390895,2.8221097e-08,6.0291065e-09,1.1444299,Reliable
1,0.9808022,0.9808022,5.733364e-08,8.341286e-09,1.1428205,Reliable
1,0.9747243,0.9747243,1.4616487e-07,3.3763623e-08,1.1396711,Reliable
1,0.96300054,0.96300054,4.5330913e-07,1.1821578e-07,1.1335938,Reliable
1,0.9553258,0.9553258,8.071342e-07,4.9412216e-07,1.129612,Reliable
1,0.96808785,0.96808785,1.8974644e-07,7.831847e-08,1.1362334,Reliable
1,0.95563173,0.95563173,2.2091032e-07,4.44869e-07,1.1297815,Reliable
1,0.9605546,0.9605546,4.0319748e-07,1.6873746e-07,1.132328,Reliable
1,0.90374136,0.90374136,3.1190077e-05,3.3943543e-06,1.1023237,Reliable
1,0.8984993,0.8984993,2.1996524e-05,0.00021596183,1.0994498,Reliable
1,0.91446006,0.91446006,1.2460694e-05,2.8424527e-06,1.1082265,Reliable
1,0.71678317,0.71678317,0.0012444431,0.0024483423,0.8769232,Reliable
1,0.98759764,0.98759764,2.3532413e-08,1.4325536e-09,1.1463404,Reliable
1,0.9879289,0.9879289,9.469202e-09,5.44014e-10,1.1465122,Reliable
1,0.9285649,0.9285649,2.0785606e-06,0.0025462832,1.1117599,Reliable
1,0.8752157,0.8752157,7.023453e-05,0.00335133,1.081599,Reliable
1,0.8964614,0.8964614,1.252124e-05,4.5588185e-06,1.0989016,Reliable
1,0.9683676,0.9683676,1.9845763e-07,8.653776e-08,1.1363782,Reliable
1,0.9946635,0.9946635,2.4213284e-10,3.6180836e-11,1.15,Reliable
1,0.9929939,0.9929939,6.786683e-10,1.5377093e-10,1.1491354,Reliable
1,0.9703643,0.9703643,1.7831115e-07,4.2085702e-08,1.1374125,Reliable
1,0.9522899,0.9522899,1.2384703e-06,4.4505836e-07,1.1280317,Reliable
1,0.97460914,0.97460914,1.0390141e-07,2.83449e-08,1.1396123,Reliable
1,0.97298753,0.97298753,1.2355527e-07,4.4698968e-08,1.1387721,Reliable
1,0.98079336,0.98079336,2.5047402e-08,7.951505e-09,1.1428165,Reliable
1,0.91259027,0.91259027,1.3558637e-05,2.9665573e-06,1.1072375,Reliable
1,0.9545493,0.9545493,9.2639624e-07,3.1928128e-06,1.1292034,Reliable
1,0.9926721,0.9926721,1.1574757e-09,2.084543e-10,1.1489687,Reliable
1,0.934359,0.934359,3.2114879e-06,8.692029e-07,1.1187081,Reliable
1,0.838241,0.838241,0.00011907127,0.00017258553,1.0664918,Reliable
1,0.99292207,0.99292207,4.5551166e-10,1.1801997e-10,1.1490982,Reliable
1,0.97417146,0.97417146,2.7823006e-07,4.540824e-08,1.1393824,Reliable
1,0.93046355,0.93046355,5.3816775e-06,2.6573105e-06,1.1166472,Reliable
1,0.98443943,0.98443943,1.0162638e-08,4.523926e-09,1.144705,Reliable
1,0.9086818,0.9086818,1.14392415e-05,5.082664e-06,1.1052496,Reliable
1,0.9787446,0.9787446,3.1932693e-08,9.14034e-09,1.1417553,Reliable
1,0.8924944,0.8924944,9.1745795e-05,3.2775442e-06,1.0953645,Reliable
1,0.9233286,0.9233286,7.392004e-06,3.8218645e-06,1.1129127,Reliable
1,0.96797836,0.96797836,2.555365e-07,1.0974756e-07,1.1361754,Reliable
1,0.9923906,0.9923906,6.2711647e-10,1.9293012e-10,1.1488229,Reliable
1,0.9905873,0.9905873,7.469812e-09,3.727448e-10,1.1478889,Reliable
1,0.990212,0.990212,4.5399995e-09,6.021743e-10,1.1476946,Reliable
1,0.972729,0.972729,6.0789984e-07,5.081674e-08,1.1386292,Reliable
1,0.9536858,0.9536858,1.2754656e-06,1.220751e-07,1.1287545,Reliable
1,0.84775126,0.84775126,0.00010941659,0.001673995,1.069257,Reliable
1,0.98671675,0.98671675,3.169462e-09,2.1044322e-09,1.1458845,Reliable
1,0.9756968,0.9756968,4.2045908e-08,2.362374e-08,1.1401768,Reliable
1,0.9756968,0.9756968,1.05756044e-07,2.362374e-08,1.1401756,Reliable
1,0.7789642,0.7789642,0.00071005983,0.0048290836,0.9046935,Reliable
1,0.92707574,0.92707574,6.2400404e-06,3.3605002e-06,1.1148757,Reliable
1,0.9867519,0.9867519,3.8789625e-09,7.779117e-10,1.1459028,Reliable
1,0.97632533,0.97632533,1.5654629e-07,2.4645503e-08,1.1405001,Reliable
1,0.95597535,0.95597535,1.3566253e-06,2.9987086e-07,1.1299385,Reliable
1,0.86593676,0.86593676,8.500052e-05,6.579332e-05,1.0816398,Reliable
1,0.9569854,0.9569854,8.984102e-07,3.288259e-07,1.13047,Reliable
1,0.92888623,0.92888623,4.811701e-06,4.3460277e-06,1.1158385,Reliable
1,0.96062106,0.96062106,8.061555e-07,1.507962e-07,1.1323549,Reliable
1,0.9681015,0.9681015,1.8571919e-07,4.375822e-08,1.1362406,Reliable
1,0.9595816,0.9595816,8.722484e-07,2.6209383e-07,1.1318151,Reliable
1,0.98597485,0.98597485,1.1997815e-08,1.6774587e-09,1.1455002,Reliable
1,0.96853125,0.96853125,1.1938388e-07,7.6079765e-08,1.1364644,Reliable
1,0.6309023,0.6309023,0.0030453869,0.0005971385,0.81640947,Reliable
1,0.9224718,0.9224718,8.1643675e-06,3.5778573e-06,1.112455,Reliable
1,0.79261225,0.79261225,0.0005066682,0.0003904741,0.9201377,Reliable
1,0.88053477,0.88053477,6.53964e-05,3.049449e-05,1.0896223,Reliable
1,0.88053477,0.88053477,7.949808e-05,3.049449e-05,1.089358,Reliable
1,0.9796587,0.9796587,3.91667e-08,8.545534e-09,1.1422287,Reliable
1,0.98616844,0.98616844,2.6289118e-08,2.451215e-09,1.1456001,Reliable
1,0.8867354,0.8867354,2.3661014e-05,1.3322956e-05,1.0936422,Reliable
1,0.9740432,0.9740432,1.7608842e-07,4.2046093e-08,1.1393179,Reliable
1,0.96365786,0.96365786,1.8146744e-07,1.6083193e-07,1.1339393,Reliable
1,0.9704119,0.9704119,1.218318e-07,7.0392126e-08,1.1374383,Reliable
1,0.76795095,0.76795095,0.0007188792,0.0009496407,0.90677464,Reliable
1,0.93232924,0.93232924,5.4115785e-06,1.9907352e-06,1.1176139,Reliable
1,0.73847455,0.73847455,0.0009527611,0.005266491,0.88548416,Reliable
1,0.81721777,0.81721777,0.00020996286,0.013587552,0.9136163,Reliable
1,0.8678592,0.8678592,0.00015759488,2.2352726e-05,1.0813427,Reliable
1,0.9830428,0.9830428,2.7540429e-08,4.4168735e-09,1.1439815,Reliable
1,0.9909446,0.9909446,1.1695417e-09,4.2140869e-10,1.1480742,Reliable
1,0.96779364,0.96779364,5.0271905e-07,8.4209375e-08,1.1360751,Reliable
1,0.99114734,0.99114734,2.4588962e-09,3.8972794e-10,1.148179,Reliable
1,0.9858898,0.9858898,1.0615783e-08,2.4890252e-09,1.1454561,Reliable
1,0.9702335,0.9702335,1.1313206e-07,3.7876877e-08,1.137346,Reliable
1,0.79044986,0.79044986,0.00036018126,0.0021638984,0.9193711,Reliable
1,0.90501535,0.90501535,1.8237653e-05,1.0068464e-05,1.1032158,Reliable
1,0.98079896,0.98079896,5.447527e-08,1.0886929e-08,1.1428189,Reliable
1,0.98150223,0.98150223,1.2214284e-07,7.263908e-09,1.1431818,Reliable
1,0.937951,0.937951,2.3876491e-06,1.6167978e-06,1.1205826,Reliable
1,0.99044424,0.99044424,7.587175e-09,5.488327e-10,1.1478148,Reliable
1,0.9877209,0.9877209,1.1481499e-08,8.838157e-10,1.1464044,Reliable
1,0.89707,0.89707,1.6049247e-05,8.823004e-06,1.099144,Reliable
1,0.9312116,0.9312116,6.040395e-06,2.7837705e-06,1.1170222,Reliable
1,0.97220653,0.97220653,1.0522233e-07,6.161058e-07,1.138367,Reliable
1,0.9125575,0.9125575,6.3998064e-06,8.097343e-06,1.1073467,Reliable
1,0.95104426,0.95104426,1.1582689e-06,5.587201e-07,1.127388,Reliable
1,0.8992744,0.8992744,1.6666798e-05,1.4147231e-05,1.1002657,Reliable
1,0.9810451,0.9810451,2.5497318e-08,7.739319e-09,1.142947,Reliable
1,0.9684172,0.9684172,1.7577825e-07,3.3986115e-08,1.1364043,Reliable
1,0.78855467,0.78855467,0.000745237,0.011311618,0.89723796,Reliable
1,0.92468303,0.92468303,2.477024e-05,4.235228e-06,1.1132879,Reliable
1,0.9409254,0.9409254,2.6337514e-06,1.4239012e-07,1.1221206,Reliable
1,0.979529,0.979529,7.8222655e-08,1.1861064e-08,1.1421608,Reliable
1,0.9086038,0.9086038,2.1838638e-05,9.028467e-06,1.1050082,Reliable
1,0.7875089,0.7875089,0.00047612665,0.0004066821,0.9189228,Reliable
1,0.9385495,0.9385495,2.6237979e-06,1.0593664e-06,1.120889,Reliable
1,0.8540993,0.8540993,8.923533e-05,5.7533533e-05,1.075443,Reliable
1,0.75848395,0.75848395,0.0006942775,0.0014298368,0.9032185,Reliable
1,0.9851923,0.9851923,6.1996652e-09,1.513655e-09,1.145095,Reliable
1,0.96111757,0.96111757,4.0840254e-07,1.3487352e-08,1.1326196,Reliable
1,0.9122202,0.9122202,7.954029e-06,4.1580606e-06,1.1071489,Reliable
1,0.97587174,0.97587174,1.2305138e-07,3.2650544e-08,1.1402658,Reliable
1,0.9347529,0.9347529,4.580782e-06,1.1064024e-06,1.118886,Reliable
1,0.9872455,0.9872455,1.23753905e-08,1.6109555e-09,1.1461581,Reliable
1,0.9898489,0.9898489,2.4057745e-09,6.829299e-10,1.1475066,Reliable
1,0.9814709,0.9814709,3.8095244e-08,8.942496e-09,1.1431671,Reliable
1,0.8371786,0.8371786,9.344669e-05,0.0001163725,1.0665095,Reliable
1,0.9176666,0.9176666,8.628045e-06,5.898919e-06,1.1099541,Reliable
1,0.5231699,0.5231699,0.0071413126,0.0023772728,0.6996819,Review Needed
1,0.34587613,0.34587613,0.0046069766,0.014443937,0.66714984,Review Needed
1,0.9562701,0.9562701,1.6124037e-06,3.6139485e-07,1.1300862,Reliable
1,0.91324455,0.91324455,9.797203e-06,1.7392195e-07,1.1076511,Reliable
1,0.9898949,0.9898949,1.4941347e-09,5.103817e-10,1.1475304,Reliable
1,0.9537369,0.9537369,2.3767598e-06,9.579347e-08,1.1287603,Reliable
1,0.9699448,0.9699448,1.3442468e-07,4.5720796e-08,1.1371962,Reliable
1,0.8589382,0.8589382,0.00011831781,8.1029764e-05,1.0773673,Reliable
1,0.967455,0.967455,3.238157e-07,1.1254317e-07,1.1359031,Reliable
1,0.9330707,0.9330707,3.5158018e-06,8.993614e-06,1.1180226,Reliable
1,0.9754134,0.9754134,1.1513251e-07,2.8679144e-08,1.1400286,Reliable
1,0.9666831,0.9666831,1.170997e-07,1.1105178e-07,1.1355072,Reliable
1,0.9684845,0.9684845,2.8584884e-07,8.3116966e-08,1.136437,Reliable
1,0.8968493,0.8968493,1.2480773e-05,1.660954e-05,1.0990844,Reliable
1,0.75361055,0.75361055,0.00041062338,0.0010825956,0.907393,Reliable
1,0.84743464,0.84743464,0.00013382416,0.06893388,0.9637647,Reliable
1,0.5763666,0.5763666,0.012807365,0.013449296,0.5946036,Review Needed
1,0.97440875,0.97440875,1.4390321e-07,4.526268e-08,1.1395078,Reliable
1,0.9716688,0.9716688,1.2935409e-07,5.69621e-09,1.1380892,Reliable
1,0.915592,0.915592,1.0038322e-05,7.1978316e-06,1.1088513,Reliable
1,0.81643003,0.81643003,0.00022548827,4.8209695e-05,0.93416375,Reliable
1,0.954721,0.954721,3.382173e-07,4.87004e-07,1.1293075,Reliable
1,0.9596975,0.9596975,3.6997184e-07,2.8346383e-07,1.1318846,Reliable
1,0.9556217,0.9556217,1.942177e-06,2.8803294e-07,1.1297444,Reliable
1,0.8970568,0.8970568,1.5394286e-05,0.00068313023,1.098098,Reliable
1,0.7722641,0.7722641,0.00048458762,0.0008365162,0.91283077,Reliable
1,0.96477693,0.96477693,5.476489e-07,1.6148203e-07,1.134512,Reliable
1,0.8527152,0.8527152,7.994338e-05,5.3605716e-05,1.0749065,Reliable
1,0.9414888,0.9414888,3.7359796e-06,1.5802298e-06,1.1223896,Reliable
1,0.98398757,0.98398757,1.8747494e-08,5.9955076e-09,1.1444709,Reliable
1,0.88394594,0.88394594,7.966872e-05,2.132961e-05,1.0911356,Reliable
1,0.95760703,0.95760703,9.4953907e-07,2.9162055e-07,1.1307911,Reliable
1,0.93042433,0.93042433,2.926492e-06,2.5141997e-06,1.1166732,Reliable
1,0.9880251,0.9880251,6.4700285e-09,1.7179266e-09,1.146562,Reliable
1,0.89419377,0.89419377,3.8982394e-05,2.5014873e-05,1.0971994,Reliable
1,0.96046346,0.96046346,1.3433879e-06,2.7294436e-07,1.132263,Reliable
1,0.9867078,0.9867078,6.7576456e-09,1.4009286e-09,1.1458799,Reliable
1,0.94091696,0.94091696,7.700995e-06,1.7154786e-06,1.1220189,Reliable
1,0.9720381,0.9720381,9.106109e-08,6.371906e-08,1.138281,Reliable
1,0.9679183,0.9679183,3.7679865e-07,1.2061501e-07,1.136142,Reliable
1,0.833048,0.833048,0.00023210012,0.00016488317,1.0616963,Reliable
1,0.88964427,0.88964427,4.3807413e-05,1.559724e-05,1.0947676,Reliable
1,0.97550493,0.97550493,8.323109e-08,3.6349295e-08,1.1400766,Reliable
1,0.9657885,0.9657885,2.9714772e-07,1.626819e-07,1.1350405,Reliable
1,0.91616035,0.91616035,1.696229e-05,7.88905e-06,1.1090147,Reliable
1,0.9064704,0.9064704,1.3420748e-05,1.1224944e-05,1.1040578,Reliable
1,0.9111909,0.9111909,4.2850712e-05,7.124719e-06,1.1059573,Reliable
1,0.6639428,0.6639428,0.003583404,0.006679256,0.80825126,Reliable
1,0.9440999,0.9440999,1.9706065e-06,8.9951726e-07,1.123776,Reliable
1,0.9270679,0.9270679,3.9749884e-06,2.8052282e-06,1.1149149,Reliable
1,0.9701368,0.9701368,1.2068014e-07,8.8420535e-08,1.1372957,Reliable
1,0.9081515,0.9081515,2.9024033e-05,8.571425e-06,1.1046401,Reliable
1,0.9623747,0.9623747,3.7273875e-07,7.9196184e-08,1.1332712,Reliable
1,0.88777584,0.88777584,2.9616589e-05,3.3005203e-05,1.0940388,Reliable
1,0.98596185,0.98596185,1.0281122e-08,1.2021341e-09,1.1454934,Reliable
1,0.95569676,0.95569676,9.784593e-07,6.270991e-07,1.1298008,Reliable
1,0.89772636,0.89772636,2.4723551e-05,1.2122014e-05,1.0993161,Reliable
1,0.95538,0.95538,8.1390385e-07,3.978777e-07,1.1296401,Reliable
1,0.9063013,0.9063013,1.6002292e-05,1.4503712e-05,1.1039166,Reliable
1,0.9749292,0.9749292,8.0317434e-08,3.6791366e-08,1.1397785,Reliable
1,0.95989823,0.95989823,4.4073113e-07,2.8299323e-07,1.1319872,Reliable
1,0.9542812,0.9542812,5.850777e-07,4.6602713e-07,1.1290753,Reliable
1,0.9542812,0.9542812,3.4635698e-07,4.6602713e-07,1.1290797,Reliable
1,0.96820986,0.96820986,1.020562e-07,8.5683546e-08,1.1362982,Reliable
1,0.93319225,0.93319225,2.7044057e-06,2.9958828e-06,1.1181101,Reliable
1,0.8954606,0.8954606,1.7060383e-05,1.9532808e-05,1.098275,Reliable
1,0.93562853,0.93562853,4.5124802e-06,2.157619e-06,1.1193392,Reliable
1,0.9018139,0.9018139,1.538773e-05,7.93755e-06,1.1016145,Reliable
1,0.9245359,0.9245359,7.354705e-06,5.079874e-06,1.1135367,Reliable
1,0.9158659,0.9158659,1.40577695e-05,8.082686e-06,1.1089165,Reliable
1,0.92840314,0.92840314,6.666992e-06,4.2023626e-06,1.1155537,Reliable
1,0.983139,0.983139,4.7543742e-09,6.540823e-09,1.1440316,Reliable
1,0.97409916,0.97409916,6.517148e-08,4.1723705e-08,1.139349,Reliable
1,0.92607045,0.92607045,8.923135e-06,2.6843124e-06,1.1143059,Reliable
1,0.947178,0.947178,2.7787037e-06,1.092463e-06,1.1253546,Reliable
1,0.95997787,0.95997787,5.907887e-07,2.5554985e-07,1.1320257,Reliable
1,0.98679566,0.98679566,8.232134e-09,2.0964268e-09,1.1459253,Reliable
1,0.9538435,0.9538435,6.805661e-07,2.8027978e-08,1.1288474,Reliable
1,0.96389717,0.96389717,6.9653083e-07,1.7195951e-07,1.1340535,Reliable
1,0.95157397,0.95157397,4.5269513e-07,5.305456e-07,1.1276757,Reliable
1,0.92125905,0.92125905,7.1030895e-06,5.6667136e-06,1.1118436,Reliable
1,0.9254127,0.9254127,1.3318156e-05,3.6399558e-06,1.1138813,Reliable
1,0.954162,0.954162,2.148418e-06,3.316504e-07,1.1289845,Reliable
1,0.69757414,0.69757414,0.0012586789,0.008600042,0.86043274,Reliable
1,0.9893607,0.9893607,1.5811652e-09,9.860154e-10,1.1472538,Reliable
1,0.94925135,0.94925135,1.5310775e-06,6.7613897e-09,1.1264534,Reliable
1,0.81381595,0.81381595,0.0003329012,0.00026630258,0.9309083,Reliable
1,0.7949201,0.7949201,0.00075896055,0.0002965459,0.91635305,Reliable
1,0.95389086,0.95389086,1.2243594e-06,3.5810595e-07,1.1288612,Reliable
1,0.68794477,0.68794477,0.0025560537,0.0152934855,0.8223592,Reliable
1,0.92659825,0.92659825,3.2100734e-06,3.513813e-06,1.1146848,Reliable
1,0.97317773,0.97317773,9.75517e-08,1.718785e-08,1.1388712,Reliable
1,0.95686483,0.95686483,2.8882957e-06,8.095542e-07,1.1303695,Reliable
1,0.9928029,0.9928029,1.501761e-09,1.524955e-10,1.1490364,Reliable
1,0.90999264,0.90999264,1.778437e-05,9.195061e-06,1.1058033,Reliable
1,0.9223665,0.9223665,1.3430521e-05,2.363314e-06,1.1123037,Reliable
1,0.80317324,0.80317324,0.00027362493,0.00048633452,0.92800164,Reliable
1,0.98694533,0.98694533,4.0246286e-09,1.990666e-09,1.1460029,Reliable
1,0.95494074,0.95494074,7.9232234e-07,2.9476377e-07,1.1294131,Reliable
1,0.8811485,0.8811485,2.722075e-05,2.8048205e-05,1.0906593,Reliable
1,0.9818896,0.9818896,4.8316412e-08,1.7857325e-09,1.1433837,Reliable
1,0.9935929,0.9935929,1.1763513e-09,1.11796794e-10,1.1494455,Reliable
1,0.9709364,0.9709364,8.895912e-08,6.262592e-08,1.1377106,Reliable
1,0.9739082,0.9739082,6.872804e-08,3.767613e-08,1.13925,Reliable
1,0.7426465,0.7426465,0.0015544188,9.443092e-05,0.8837137,Reliable
1,0.8967304,0.8967304,3.2931373e-05,1.9244651e-05,1.0986356,Reliable
1,0.6863951,0.6863951,0.002848192,0.0018970297,0.8372371,Reliable
1,0.92364424,0.92364424,4.2171314e-06,5.1571765e-06,1.1131337,Reliable
1,0.8175655,0.8175655,0.00018993756,0.00040133132,0.9346714,Reliable
1,0.9650742,0.9650742,3.611596e-07,1.8005977e-07,1.1346694,Reliable
1,0.8782287,0.8782287,4.5735203e-05,4.47333e-05,1.0887742,Reliable
1,0.96215457,0.96215457,1.2920372e-06,1.6359608e-07,1.1331398,Reliable
1,0.9547077,0.9547077,1.376162e-06,5.167156e-07,1.1292813,Reliable
1,0.6682651,0.6682651,0.003235602,0.0043083746,0.819958,Reliable
1,0.8075547,0.8075547,0.0007400304,0.0003201305,0.92103314,Reliable
1,0.9435614,0.9435614,2.1833596e-06,1.2595164e-06,1.1234925,Reliable
1,0.82730246,0.82730246,0.00018292334,0.00020247769,1.0595838,Reliable
1,0.9487131,0.9487131,7.2078245e-07,7.650121e-07,1.1261886,Reliable
1,0.9334555,0.9334555,2.9722137e-06,2.5677912e-06,1.118242,Reliable
1,0.9785069,0.9785069,6.862799e-08,2.077239e-08,1.1416316,Reliable
1,0.8477157,0.8477157,0.00022782471,3.943057e-05,1.0695682,Reliable
1,0.90820646,0.90820646,8.679976e-06,1.1159999e-05,1.1050458,Reliable
1,0.966784,0.966784,5.29557e-07,1.2830746e-07,1.1355518,Reliable
1,0.92971766,0.92971766,3.3001525e-06,3.5631629e-06,1.1162987,Reliable
1,0.9191514,0.9191514,1.6552163e-05,6.104126e-06,1.1105742,Reliable
1,0.96191084,0.96191084,3.2993552e-07,2.0866128e-07,1.1330316,Reliable
1,0.9466975,0.9466975,1.0719652e-06,8.811912e-07,1.125138,Reliable
1,0.8372391,0.8372391,7.555179e-05,4.9547103e-05,1.0669804,Reliable
1,0.9651935,0.9651935,2.9974075e-07,1.225423e-07,1.1347324,Reliable
1,0.5829988,0.5829988,0.0046034674,0.0421897,0.7058219,Review Needed
1,0.9442711,0.9442711,2.020733e-06,7.590858e-07,1.1238638,Reliable
1,0.92336553,0.92336553,1.2135014e-05,4.116993e-06,1.1128426,Reliable
1,0.9724812,0.9724812,1.0308664e-07,6.151779e-08,1.1385103,Reliable
1,0.9439038,0.9439038,2.2581582e-06,1.1334438e-06,1.1236687,Reliable
1,0.82517505,0.82517505,0.00071397,0.00023720715,1.0484761,Reliable
1,0.83473796,0.83473796,0.0003815815,0.00021409152,1.0596935,Reliable
1,0.84522307,0.84522307,0.00010865522,0.00015916266,1.0703238,Reliable
1,0.92958266,0.92958266,5.237272e-06,3.202823e-06,1.116193,Reliable
1,0.95252436,0.95252436,8.3617107e-07,5.3066907e-07,1.1281605,Reliable
1,0.6915299,0.6915299,0.0016848742,0.0045209606,0.85671914,Reliable
1,0.8601666,0.8601666,5.8637776e-05,5.052861e-05,1.0791694,Reliable
1,0.87623876,0.87623876,3.5582212e-05,4.6924415e-05,1.0879304,Reliable
1,0.9728961,0.9728961,6.659704e-08,5.7169075e-08,1.1387259,Reliable
1,0.9170322,0.9170322,1.7783766e-05,6.383247e-06,1.1094532,Reliable
1,0.98348814,0.98348814,2.9648513e-08,5.610571e-09,1.144212,Reliable
1,0.92395276,0.92395276,7.5750886e-06,2.009738e-06,1.1132355,Reliable
1,0.90658057,0.90658057,1.8292541e-05,1.0518853e-05,1.1040246,Reliable
1,0.93845177,0.93845177,8.644551e-06,1.9296767e-06,1.1207242,Reliable
1,0.943936,0.943936,5.3218832e-06,1.3239734e-06,1.1236277,Reliable
1,0.85512495,0.85512495,0.00017281555,5.3411146e-05,1.0744143,Reliable
1,0.96808124,0.96808124,3.596592e-07,1.0295371e-07,1.1362268,Reliable
1,0.5954636,0.5954636,0.0090073915,0.0105770165,0.6768863,Review Needed
1,0.970973,0.970973,4.9646974e-07,5.822848e-08,1.1377219,Reliable
1,0.8956339,0.8956339,2.621442e-05,2.4341774e-05,1.0981855,Reliable
1,0.93758523,0.93758523,2.8618156e-06,2.179998e-06,1.1203835,Reliable
1,0.97109747,0.97109747,3.9338326e-07,7.554461e-08,1.1377882,Reliable
1,0.9562385,0.9562385,1.047416e-06,2.7836245e-07,1.1300805,Reliable
1,0.8910687,0.8910687,5.8805206e-05,2.7957713e-05,1.095205,Reliable
1,0.8184209,0.8184209,0.00030001902,0.00030769687,0.9330498,Reliable
1,0.9935529,0.9935529,3.873602e-10,1.1380408e-10,1.1494249,Reliable
1,0.9739787,0.9739787,1.17904996e-07,4.1938453e-08,1.1392856,Reliable
1,0.9464292,0.9464292,1.8551956e-06,1.1479083e-06,1.1249839,Reliable
1,0.94267625,0.94267625,1.6355293e-06,1.4708957e-06,1.123044,Reliable
1,0.9472011,0.9472011,2.5773245e-06,8.5554757e-07,1.1253706,Reliable
1,0.9584252,0.9584252,6.9713496e-07,3.5319127e-07,1.1312194,Reliable
1,0.9714327,0.9714327,2.1337874e-07,4.219314e-08,1.1379652,Reliable
1,0.9348178,0.9348178,2.0677808e-06,2.1966903e-06,1.1189651,Reliable
1,0.9199416,0.9199416,2.2301976e-05,5.2876762e-06,1.110877,Reliable
1,0.9801051,0.9801051,5.427832e-08,1.2243156e-08,1.1424595,Reliable
1,0.9742803,0.9742803,1.502697e-07,4.294993e-08,1.1394411,Reliable
1,0.92520225,0.92520225,4.346083e-06,9.780025e-06,1.113931,Reliable
1,0.9336338,0.9336338,4.4340077e-06,1.9111644e-06,1.1183081,Reliable
1,0.98612505,0.98612505,1.19955095e-08,2.8163167e-09,1.1455779,Reliable
1,0.8514336,0.8514336,6.550924e-05,9.603092e-05,1.074447,Reliable
1,0.9806411,0.9806411,5.858151e-08,1.0436577e-08,1.1427372,Reliable
1,0.964925,0.964925,1.0627859e-07,7.944059e-08,1.134597,Reliable
1,0.873269,0.873269,4.843152e-05,5.734667e-05,1.0861354,Reliable
1,0.6511304,0.6511304,0.0054515423,0.00049412803,0.77846277,Reliable
1,0.8817166,0.8817166,5.5146204e-05,3.757447e-05,1.0904152,Reliable
1,0.97526896,0.97526896,1.1079337e-07,1.6341021e-08,1.139954,Reliable
1,0.9487433,0.9487433,1.1101196e-06,1.3024574e-07,1.1261979,Reliable
1,0.8715953,0.8715953,6.5847635e-05,3.0597996e-05,1.0849841,Reliable
1,0.9594442,0.9594442,5.452601e-07,2.2013573e-07,1.1317501,Reliable
1,0.97421986,0.97421986,1.579483e-07,2.6111321e-08,1.1394098,Reliable
1,0.8339098,0.8339098,0.0001336191,0.0002156095,1.063909,Reliable
1,0.9817733,0.9817733,1.6792002e-08,8.935248e-09,1.1433241,Reliable
1,0.9698906,0.9698906,1.7691703e-07,8.445045e-08,1.1371672,Reliable
1,0.9743077,0.9743077,1.0801029e-07,3.124587e-08,1.139456,Reliable
1,0.8571442,0.8571442,3.5701676e-05,0.00010040318,1.0779562,Reliable
1,0.9702918,0.9702918,8.6247624e-08,7.299171e-08,1.1373767,Reliable
1,0.98685604,0.98685604,2.4171891e-09,4.6911336e-10,1.1459566,Reliable
1,0.6978067,0.6978067,0.0021662912,0.002041815,0.85372996,Reliable
1,0.94851756,0.94851756,1.5087068e-06,0.0002522835,1.1256804,Reliable
1,0.98990977,0.98990977,4.154725e-09,5.4073607e-10,1.1475381,Reliable
1,0.884127,0.884127,0.000105702595,0.00047038464,1.0900414,Reliable
1,0.9891433,0.9891433,8.555002e-09,1.0092028e-09,1.1471411,Reliable
1,0.90456665,0.90456665,2.985127e-05,1.9500173e-06,1.1027784,Reliable
1,0.97221464,0.97221464,7.106135e-08,2.0117042e-08,1.1383729,Reliable
1,0.6904269,0.6904269,0.0019602117,0.0019278787,0.8552216,Reliable
1,0.97150844,0.97150844,1.4382071e-07,4.2285212e-08,1.1380057,Reliable
1,0.9930755,0.9930755,1.2006408e-09,1.382278e-10,1.1491776,Reliable
1,0.9629249,0.9629249,2.6971398e-07,2.1269477e-07,1.133558,Reliable
1,0.971008,0.971008,2.6235332e-07,1.1355045e-07,1.1377442,Reliable
1,0.9074987,0.9074987,1.3838171e-05,6.1439314e-06,1.1045904,Reliable
1,0.9693759,0.9693759,1.2754495e-07,7.222211e-08,1.1369016,Reliable
1,0.93945426,0.93945426,9.678506e-06,1.522063e-06,1.1212246,Reliable
1,0.9629303,0.9629303,6.0828984e-07,1.2481728e-07,1.1335546,Reliable
1,0.91339743,0.91339743,2.0012518e-05,6.07959e-06,1.1075296,Reliable
1,0.9441994,0.9441994,2.3561943e-06,1.0183621e-06,1.1238201,Reliable
1,0.9192279,0.9192279,6.0101097e-06,6.526832e-05,1.1107192,Reliable
1,0.9092919,0.9092919,1.837887e-05,9.412198e-06,1.1054288,Reliable
1,0.81526625,0.81526625,0.0006014075,9.528905e-05,0.9266439,Reliable
1,0.63311434,0.63311434,0.0036293878,0.0108160265,0.7902959,Reliable
1,0.9673698,0.9673698,2.971374e-07,1.2601311e-08,1.1358597,Reliable
1,0.96918744,0.96918744,3.681886e-07,7.5070545e-08,1.1367995,Reliable
1,0.93536085,0.93536085,5.464368e-06,3.5264604e-06,1.1191806,Reliable
1,0.9670486,0.9670486,1.6437288e-07,9.134496e-08,1.1356957,Reliable
1,0.9521944,0.9521944,1.2465315e-06,5.6729556e-07,1.1279819,Reliable
1,0.9603845,0.9603845,6.4210593e-07,2.8618823e-08,1.1322355,Reliable
1,0.8560398,0.8560398,8.161506e-05,7.438182e-05,1.0765644,Reliable
1,0.96192664,0.96192664,6.988114e-07,2.0454597e-07,1.1330329,Reliable
1,0.9495239,0.9495239,1.7463852e-06,5.3283446e-07,1.1265897,Reliable
1,0.91753715,0.91753715,2.6442442e-05,8.413171e-06,1.1095493,Reliable
1,0.85602444,0.85602444,0.00011187807,5.4883465e-05,1.0760198,Reliable
1,0.88403964,0.88403964,3.565134e-05,3.3925582e-05,1.0919894,Reliable
1,0.9780432,0.9780432,7.6644504e-08,9.642124e-09,1.1413913,Reliable
1,0.98324454,0.98324454,9.912234e-09,4.8858175e-09,1.1440862,Reliable
1,0.9666903,0.9666903,1.3742901e-07,3.3388486e-07,1.1355103,Reliable
1,0.984758,0.984758,1.4008547e-08,4.4970343e-09,1.1448699,Reliable
1,0.97694916,0.97694916,7.4412974e-08,3.8715293e-09,1.1408248,Reliable
1,0.9610386,0.9610386,5.6293743e-07,1.7571526e-08,1.1325759,Reliable
1,0.95047027,0.95047027,1.8686022e-06,7.541803e-07,1.1270771,Reliable
1,0.8842781,0.8842781,9.582658e-05,2.7795979e-05,1.0909947,Reliable
1,0.7340469,0.7340469,0.0011661069,0.0015788596,0.88570714,Reliable
